KursplanSV;KursplanEn;Kursplanemall
https://www.du.se/sv/utbildning/kurser/kursplan/?code=FDA222R;https://www.du.se/en/study-at-du/kurser/syllabus/?code=FDA222R;2
https://www.du.se/sv/utbildning/kurser/kursplan/?code=FDA222S;https://www.du.se/en/study-at-du/kurser/syllabus/?code=FDA222S;2
https://www.du.se/sv/utbildning/kurser/kursplan/?code=FDA222T;https://www.du.se/en/study-at-du/kurser/syllabus/?code=FDA222T;2
https://www.du.se/sv/utbildning/kurser/kursplan/?code=FDA222U;https://www.du.se/en/study-at-du/kurser/syllabus/?code=FDA222U;2
https://www.du.se/sv/utbildning/kurser/kursplan/?code=FEB222P;https://www.du.se/en/study-at-du/kurser/syllabus/?code=FEB222P;2
https://www.du.se/sv/utbildning/kurser/kursplan/?code=FEB222Q;https://www.du.se/en/study-at-du/kurser/syllabus/?code=FEB222Q;2
https://www.du.se/sv/utbildning/kurser/kursplan/?code=FEB222K;https://www.du.se/en/study-at-du/kurser/syllabus/?code=FEB222K;1
https://www.du.se/sv/utbildning/kurser/kursplan/?code=FEB222L;https://www.du.se/en/study-at-du/kurser/syllabus/?code=FEB222L;1
https://www.du.se/sv/utbildning/kurser/kursplan/?code=FEB222M;https://www.du.se/en/study-at-du/kurser/syllabus/?code=FEB222M;1
https://www.du.se/sv/utbildning/kurser/kursplan/?code=FHV0001;https://www.du.se/en/study-at-du/kurser/syllabus/?code=FHV0001;1
https://www.du.se/sv/utbildning/kurser/kursplan/?code=FHV0002;https://www.du.se/en/study-at-du/kurser/syllabus/?code=FHV0002;1
https://www.du.se/sv/utbildning/kurser/kursplan/?code=FHV0003;https://www.du.se/en/study-at-du/kurser/syllabus/?code=FHV0003;1
https://www.du.se/sv/utbildning/kurser/kursplan/?code=FMI2222;https://www.du.se/en/study-at-du/kurser/syllabus/?code=FMI2222;1
https://www.du.se/sv/utbildning/kurser/kursplan/?code=FMI2223;https://www.du.se/en/study-at-du/kurser/syllabus/?code=FMI2223;1
https://www.du.se/sv/utbildning/kurser/kursplan/?code=FMI2224;https://www.du.se/en/study-at-du/kurser/syllabus/?code=FMI2224;1
https://www.du.se/sv/utbildning/kurser/kursplan/?code=FMI2229;https://www.du.se/en/study-at-du/kurser/syllabus/?code=FMI2229;1
https://www.du.se/sv/utbildning/kurser/kursplan/?code=FPA0001;https://www.du.se/en/study-at-du/kurser/syllabus/?code=FPA0001;1
https://www.du.se/sv/utbildning/kurser/kursplan/?code=FPA0002;https://www.du.se/en/study-at-du/kurser/syllabus/?code=FPA0002;1
https://www.du.se/sv/utbildning/kurser/kursplan/?code=FPA0003;https://www.du.se/en/study-at-du/kurser/syllabus/?code=FPA0003;1
https://www.du.se/sv/utbildning/kurser/kursplan/?code=FPA0004;https://www.du.se/en/study-at-du/kurser/syllabus/?code=FPA0004;1
https://www.du.se/sv/utbildning/kurser/kursplan/?code=FPA0005;https://www.du.se/en/study-at-du/kurser/syllabus/?code=FPA0005;1
https://www.du.se/sv/utbildning/kurser/kursplan/?code=FPA0006;https://www.du.se/en/study-at-du/kurser/syllabus/?code=FPA0006;1
https://www.du.se/sv/utbildning/kurser/kursplan/?code=FPA0007;https://www.du.se/en/study-at-du/kurser/syllabus/?code=FPA0007;1
https://www.du.se/sv/utbildning/kurser/kursplan/?code=FPA2226;https://www.du.se/en/study-at-du/kurser/syllabus/?code=FPA2226;1
https://www.du.se/sv/utbildning/kurser/kursplan/?code=FPA2227;https://www.du.se/en/study-at-du/kurser/syllabus/?code=FPA2227;1
https://www.du.se/sv/utbildning/kurser/kursplan/?code=FPA2228;https://www.du.se/en/study-at-du/kurser/syllabus/?code=FPA2228;1
https://www.du.se/sv/utbildning/kurser/kursplan/?code=FPA222A;https://www.du.se/en/study-at-du/kurser/syllabus/?code=FPA222A;1
https://www.du.se/sv/utbildning/kurser/kursplan/?code=FPA222B;https://www.du.se/en/study-at-du/kurser/syllabus/?code=FPA222B;1
https://www.du.se/sv/utbildning/kurser/kursplan/?code=FPA222C;https://www.du.se/en/study-at-du/kurser/syllabus/?code=FPA222C;1
https://www.du.se/sv/utbildning/kurser/kursplan/?code=FPA222D;https://www.du.se/en/study-at-du/kurser/syllabus/?code=FPA222D;1
https://www.du.se/sv/utbildning/kurser/kursplan/?code=FPA222E;https://www.du.se/en/study-at-du/kurser/syllabus/?code=FPA222E;1
https://www.du.se/sv/utbildning/kurser/kursplan/?code=FPA222F;https://www.du.se/en/study-at-du/kurser/syllabus/?code=FPA222F;1
https://www.du.se/sv/utbildning/kurser/kursplan/?code=FPA222G;https://www.du.se/en/study-at-du/kurser/syllabus/?code=FPA222G;1
https://www.du.se/sv/utbildning/kurser/kursplan/?code=FPA222J;https://www.du.se/en/study-at-du/kurser/syllabus/?code=FPA222J;1
https://www.du.se/sv/utbildning/kurser/kursplan/?code=FPA222N;https://www.du.se/en/study-at-du/kurser/syllabus/?code=FPA222N;1
https://www.du.se/sv/utbildning/kurser/kursplan/?code=FVV222H;https://www.du.se/en/study-at-du/kurser/syllabus/?code=FVV222H;1
https://www.du.se/sv/utbildning/kurser/kursplan/?code=MIKR002;https://www.du.se/en/study-at-du/kurser/syllabus/?code=MIKR002;1
